Workbook
Name ProductPrices: Lookup!$C$2:$D$5
Name Products: Lookup!$C$2:$C$5
Name Regions: Lookup!$A$2:$A$5
Name RepEmails: Lookup!$E$2:$F$5

Sheet Lookup
A1: Regions | C1: Products | D1: Default Unit Price | E1: Reps | F1: Email
A2: North | C2: Widget | D2: 19.99 | E2: A. Chen | F2: a.chen@example.com
A3: South | C3: Gizmo | D3: 35.5 | E3: B. Patel | F3: b.patel@example.com
A4: East | C4: Doohickey | D4: 12.75 | E4: C. Garcia | F4: c.garcia@example.com
A5: West | C5: Service Plan | D5: 99 | E5: D. Smith | F5: d.smith@example.com

Sheet Data
A1: Date | B1: Region | C1: Rep | D1: Product | E1: Units | F1: Unit Price | G1: Revenue | H1: Month
A2: 46050 | B2: East | C2: C. Garcia | D2: Gizmo | E2: 19 | F2: =VLOOKUP(D2,ProductPrices,2,FALSE) -> 35.5 | G2: =E2*F2 -> 674.5 | H2: =TEXT(A2,"yyyy-mm") -> 2026-01
A3: 46049 | B3: East | C3: C. Garcia | D3: Doohickey | E3: 44 | F3: =VLOOKUP(D3,ProductPrices,2,FALSE) -> 12.75 | G3: =E3*F3 -> 561 | H3: =TEXT(A3,"yyyy-mm") -> 2026-01
A4: 46048 | B4: North | C4: C. Garcia | D4: Service Plan | E4: 9 | F4: =VLOOKUP(D4,ProductPrices,2,FALSE) -> 99 | G4: =E4*F4 -> 891 | H4: =TEXT(A4,"yyyy-mm") -> 2026-01
A5: 46047 | B5: North | C5: A. Chen | D5: Doohickey | E5: 60 | F5: =VLOOKUP(D5,ProductPrices,2,FALSE) -> 12.75 | G5: =E5*F5 -> 765 | H5: =TEXT(A5,"yyyy-mm") -> 2026-01
A6: 46046 | B6: East | C6: A. Chen | D6: Service Plan | E6: 28 | F6: =VLOOKUP(D6,ProductPrices,2,FALSE) -> 99 | G6: =E6*F6 -> 2772 | H6: =TEXT(A6,"yyyy-mm") -> 2026-01
A7: 46045 | B7: North | C7: C. Garcia | D7: Widget | E7: 17 | F7: =VLOOKUP(D7,ProductPrices,2,FALSE) -> 19.99 | G7: =E7*F7 -> 339.83 | H7: =TEXT(A7,"yyyy-mm") -> 2026-01
A8: 46044 | B8: West | C8: A. Chen | D8: Service Plan | E8: 7 | F8: =VLOOKUP(D8,ProductPrices,2,FALSE) -> 99 | G8: =E8*F8 -> 693 | H8: =TEXT(A8,"yyyy-mm") -> 2026-01
A9: 46043 | B9: North | C9: A. Chen | D9: Gizmo | E9: 43 | F9: =VLOOKUP(D9,ProductPrices,2,FALSE) -> 35.5 | G9: =E9*F9 -> 1526.5 | H9: =TEXT(A9,"yyyy-mm") -> 2026-01
A10: 46042 | B10: South | C10: B. Patel | D10: Gizmo | E10: 30 | F10: =VLOOKUP(D10,ProductPrices,2,FALSE) -> 35.5 | G10: =E10*F10 -> 1065 | H10: =TEXT(A10,"yyyy-mm") -> 2026-01
A11: 46041 | B11: West | C11: A. Chen | D11: Doohickey | E11: 52 | F11: =VLOOKUP(D11,ProductPrices,2,FALSE) -> 12.75 | G11: =E11*F11 -> 663 | H11: =TEXT(A11,"yyyy-mm") -> 2026-01
A12: 46040 | B12: West | C12: C. Garcia | D12: Service Plan | E12: 44 | F12: =VLOOKUP(D12,ProductPrices,2,FALSE) -> 99 | G12: =E12*F12 -> 4356 | H12: =TEXT(A12,"yyyy-mm") -> 2026-01
A13: 46039 | B13: East | C13: C. Garcia | D13: Widget | E13: 21 | F13: =VLOOKUP(D13,ProductPrices,2,FALSE) -> 19.99 | G13: =E13*F13 -> 419.79 | H13: =TEXT(A13,"yyyy-mm") -> 2026-01
... A121: 45931 | B121: East | C121: D. Smith | D121: Gizmo | E121: 46 | F121: =VLOOKUP(D121,ProductPrices,2,FALSE) -> 35.5 | G121: =E121*F121 -> 1633 | H121: =TEXT(A121,"yyyy-mm") -> 2025-10

Sheet Summary
A1: Confluence XLSX Macro Test Workbook
A3: Filter Region: | B3: North
A4: Filter Product: | B4: Widget
A6: Metric | B6: Value | D6: Month | E6: Revenue
A7: Total Revenue (Region) | B7: =SUMIFS(Data!$G:$G,Data!$B:$B,$B$3) -> 51342.52 | D7: 2025-10 | E7: =SUMIFS(Data!$G:$G,Data!$B:$B,$B$3,Data!$H:$H,D7) -> 13471.41
A8: Total Units (Region) | B8: =SUMIFS(Data!$E:$E,Data!$B:$B,$B$3) -> 1288 | D8: 2025-11 | E8: =SUMIFS(Data!$G:$G,Data!$B:$B,$B$3,Data!$H:$H,D8) -> 16899.86
A9: Avg Unit Price (Region) | B9: =AVERAGEIFS(Data!$F:$F,Data!$B:$B,$B$3) -> 38.598 | D9: 2025-12 | E9: =SUMIFS(Data!$G:$G,Data!$B:$B,$B$3,Data!$H:$H,D9) -> 15767.84
A10: Total Revenue (Region + Product) | B10: =SUMIFS(Data!$G:$G,Data!$B:$B,$B$3,Data!$D:$D,$B$4) -> 4457.77 | D10: 2026-01 | E10: =SUMIFS(Data!$G:$G,Data!$B:$B,$B$3,Data!$H:$H,D10) -> 5203.41
A11: Rep Email Lookup (tests IFERROR+VLOOKUP) | B11: =IFERROR(VLOOKUP(C13,RepEmails,2,FALSE),"") -> c.garcia@example.com
A13: Top Rep (by Revenue, in selected Region) | C13: =INDEX($A$17:$A$20, MATCH(MAX($B$17:$B$20), $B$17:$B$20, 0)) -> C. Garcia
A14: This uses helper columns below; it’s a good test for formulas + chart rendering.
A16: Rep | B16: Revenue
A17: A. Chen | B17: =SUMIFS(Data!$G:$G,Data!$B:$B,$B$3,Data!$C:$C,A17) -> 7567.74
A18: B. Patel | B18: =SUMIFS(Data!$G:$G,Data!$B:$B,$B$3,Data!$C:$C,A18) -> 12306.5
A19: C. Garcia | B19: =SUMIFS(Data!$G:$G,Data!$B:$B,$B$3,Data!$C:$C,A19) -> 20276.3
A20: D. Smith | B20: =SUMIFS(Data!$G:$G,Data!$B:$B,$B$3,Data!$C:$C,A20) -> 11191.98

Sheet Formulas
A1: Formula & Feature Tests
A2: Test | B2: Label | C2: Input / Value | D2: Notes | E2: Formula Result
A3: Relative vs Absolute refs | B3: Rate | C3: 1.2 | E3: =(100* $C$3) -> 120
A4: IF / AND / OR | B4: Score | C4: 82 | E4: =IF(AND(C4>=80,C4<=100),"PASS","FAIL") -> PASS
A5: COUNTIF | B5: Region=North | E5: =COUNTIF(Data!B:B,"North") -> 35
A6: SUMIF | B6: Revenue where Units>50 | E6: =SUMIF(Data!E:E,">50",Data!G:G) -> 110255.79
A7: INDEX/MATCH | B7: Default price for Gizmo | E7: =INDEX(Lookup!D2:D5, MATCH("Gizmo", Lookup!C2:C5, 0)) -> 35.5
A8: IFERROR | B8: Bad lookup returns blank | E8: =IFERROR(VLOOKUP("Nope",ProductPrices,2,FALSE),"")
A9: DATE math | B9: End of month | C9: 45935 | E9: =EOMONTH(C9,0) -> 45961
